{"cameraMode":{"drawMode":0,"name":"Shaded","section":"Shading Mode"},"sceneLighting":false,"audioPlay":false,"sceneViewState":{"showFog":true,"showMaterialUpdate":false,"showSkybox":false,"showFlares":true,"showImageEffects":true,"showParticleSystems":true},"in2DMode":false,"pivot":{"x":5.897002220153809,"y":2.8790478706359865,"z":0.07649357616901398},"rotation":{"x":0.043308816850185397,"y":0.9511850476264954,"z":-0.15722215175628663,"w":0.2620212137699127},"size":1.9471311569213868,"orthographic":false}