{"cameraMode":{"drawMode":0,"name":"Shaded","section":"Shading Mode"},"sceneLighting":false,"audioPlay":false,"sceneViewState":{"showFog":true,"showMaterialUpdate":false,"showSkybox":true,"showFlares":true,"showImageEffects":true,"showParticleSystems":true},"in2DMode":false,"pivot":{"x":-30.004806518554689,"y":5.571853160858154,"z":-37.66571044921875},"rotation":{"x":0.043308816850185397,"y":0.9511850476264954,"z":-0.15722215175628663,"w":0.2620212137699127},"size":6.385130882263184,"orthographic":false}