{"cameraMode":{"drawMode":4,"name":"Render Paths","section":"Miscellaneous"},"sceneLighting":true,"audioPlay":false,"sceneViewState":{"showFog":false,"showMaterialUpdate":false,"showSkybox":false,"showFlares":false,"showImageEffects":false,"showParticleSystems":false},"in2DMode":false,"pivot":{"x":-7.912897109985352,"y":3.6907944679260256,"z":-38.34269332885742},"rotation":{"x":-0.12584789097309113,"y":-0.7578058838844299,"z":0.15350013971328736,"w":-0.6216618418693543},"size":13.608723640441895,"orthographic":false}