{"cameraMode":{"drawMode":0,"name":"Shaded","section":"Shading Mode"},"sceneLighting":false,"audioPlay":false,"sceneViewState":{"showFog":false,"showMaterialUpdate":false,"showSkybox":false,"showFlares":false,"showImageEffects":false,"showParticleSystems":false},"in2DMode":false,"pivot":{"x":0.0,"y":-0.004178982228040695,"z":0.04036547988653183},"rotation":{"x":-0.11000122874975205,"y":-0.6991344094276428,"z":0.11016302555799484,"w":-0.6978983879089356},"size":0.12619943916797639,"orthographic":false}