{"cameraMode":{"drawMode":0,"name":"Shaded","section":"Shading Mode"},"sceneLighting":true,"audioPlay":false,"sceneViewState":{"showFog":false,"showMaterialUpdate":false,"showSkybox":false,"showFlares":false,"showImageEffects":false,"showParticleSystems":false},"in2DMode":false,"pivot":{"x":0.8855066299438477,"y":2.839895486831665,"z":-3.2851614952087404},"rotation":{"x":-0.08572039008140564,"y":-0.6555476188659668,"z":0.07525043934583664,"w":-0.746537983417511},"size":9.532617568969727,"orthographic":false}