{"cameraMode":{"drawMode":0,"name":"Shaded","section":"Shading Mode"},"sceneLighting":true,"audioPlay":false,"sceneViewState":{"showFog":false,"showMaterialUpdate":false,"showSkybox":false,"showFlares":false,"showImageEffects":false,"showParticleSystems":false},"in2DMode":false,"pivot":{"x":-9.7699556350708,"y":7.860100746154785,"z":-34.74708938598633},"rotation":{"x":0.15611740946769715,"y":0.6889123916625977,"z":-0.15570788085460664,"w":0.6905713081359863},"size":7.4076972007751469,"orthographic":false}