{"cameraMode":{"drawMode":0,"name":"Shaded","section":"Shading Mode"},"sceneLighting":true,"audioPlay":false,"sceneViewState":{"showFog":false,"showMaterialUpdate":false,"showSkybox":false,"showFlares":false,"showImageEffects":false,"showParticleSystems":false},"in2DMode":false,"pivot":{"x":-7.167985916137695,"y":0.09564685821533203,"z":-3.4974539279937746},"rotation":{"x":-0.2264230102300644,"y":-0.6670466661453247,"z":0.224233016371727,"w":-0.6734820008277893},"size":10.164523124694825,"orthographic":false}