{"cameraMode":{"drawMode":0,"name":"Shaded","section":"Shading Mode"},"sceneLighting":true,"audioPlay":false,"sceneViewState":{"showFog":false,"showMaterialUpdate":false,"showSkybox":false,"showFlares":false,"showImageEffects":false,"showParticleSystems":false},"in2DMode":false,"pivot":{"x":0.003693103790283203,"y":-0.0020003318786621095,"z":-0.09289979934692383},"rotation":{"x":-0.11000122874975205,"y":-0.6991344094276428,"z":0.11016302555799484,"w":-0.6978983879089356},"size":12.12435531616211,"orthographic":false}