{"cameraMode":{"drawMode":0,"name":"Shaded","section":"Shading Mode"},"sceneLighting":true,"audioPlay":false,"sceneViewState":{"showFog":false,"showMaterialUpdate":false,"showSkybox":false,"showFlares":false,"showImageEffects":false,"showParticleSystems":false},"in2DMode":false,"pivot":{"x":20.62293243408203,"y":-4.112753391265869,"z":2.935730218887329},"rotation":{"x":0.11208859086036682,"y":0.716646671295166,"z":-0.11845705658197403,"w":0.6781443953514099},"size":18.675811767578126,"orthographic":false}