{"cameraMode":{"drawMode":0,"name":"Shaded","section":"Shading Mode"},"sceneLighting":true,"audioPlay":false,"sceneViewState":{"showFog":false,"showMaterialUpdate":false,"showSkybox":false,"showFlares":false,"showImageEffects":false,"showParticleSystems":false},"in2DMode":false,"pivot":{"x":-12.619808197021485,"y":1.9791183471679688,"z":-49.63866424560547},"rotation":{"x":0.2558080852031708,"y":0.665984034538269,"z":-0.2625928819179535,"w":0.6498244404792786},"size":13.549348831176758,"orthographic":false}