{"cameraMode":{"drawMode":0,"name":"Shaded","section":"Shading Mode"},"sceneLighting":true,"audioPlay":false,"sceneViewState":{"showFog":false,"showMaterialUpdate":false,"showSkybox":false,"showFlares":false,"showImageEffects":false,"showParticleSystems":false},"in2DMode":false,"pivot":{"x":-15.514617919921875,"y":3.26617169380188,"z":5.315929412841797},"rotation":{"x":-0.0030433745123445989,"y":-0.9795152544975281,"z":0.015002790838479996,"w":-0.20112064480781556},"size":15.768400192260743,"orthographic":false}