{"cameraMode":{"drawMode":4,"name":"Render Paths","section":"Miscellaneous"},"sceneLighting":true,"audioPlay":false,"sceneViewState":{"showFog":false,"showMaterialUpdate":false,"showSkybox":false,"showFlares":false,"showImageEffects":false,"showParticleSystems":false},"in2DMode":false,"pivot":{"x":2.8408985137939455,"y":-3.5511903762817385,"z":-50.649410247802737},"rotation":{"x":-0.11000122874975205,"y":-0.6991344094276428,"z":0.11016302555799484,"w":-0.6978983879089356},"size":15.091086387634278,"orthographic":false}