{"cameraMode":{"drawMode":4,"name":"Render Paths","section":"Miscellaneous"},"sceneLighting":true,"audioPlay":false,"sceneViewState":{"showFog":false,"showMaterialUpdate":false,"showSkybox":false,"showFlares":false,"showImageEffects":false,"showParticleSystems":false},"in2DMode":false,"pivot":{"x":-8.9689302444458,"y":-2.5718069076538088,"z":-54.87046813964844},"rotation":{"x":-0.24942068755626679,"y":0.04182892665266991,"z":-0.010822555050253868,"w":-0.9674941301345825},"size":2.4267237186431886,"orthographic":false}