{"cameraMode":{"drawMode":0,"name":"Shaded","section":"Shading Mode"},"sceneLighting":true,"audioPlay":false,"sceneViewState":{"showFog":false,"showMaterialUpdate":false,"showSkybox":false,"showFlares":false,"showImageEffects":false,"showParticleSystems":false},"in2DMode":false,"pivot":{"x":8.875516891479493,"y":-8.12860107421875,"z":12.461731910705567},"rotation":{"x":-0.09871776401996613,"y":-0.7059472799301148,"z":0.10046315938234329,"w":-0.6942154765129089},"size":21.339008331298829,"orthographic":false}