{"cameraMode":{"drawMode":0,"name":"Shaded","section":"Shading Mode"},"sceneLighting":true,"audioPlay":false,"sceneViewState":{"showFog":false,"showMaterialUpdate":false,"showSkybox":false,"showFlares":false,"showImageEffects":false,"showParticleSystems":false},"in2DMode":false,"pivot":{"x":-5.657965660095215,"y":5.070457458496094,"z":-21.875959396362306},"rotation":{"x":-0.12277546525001526,"y":-0.7443896532058716,"z":0.14262011647224427,"w":-0.6407353281974793},"size":5.372701168060303,"orthographic":false}