{"cameraMode":{"drawMode":0,"name":"Shaded","section":"Shading Mode"},"sceneLighting":true,"audioPlay":false,"sceneViewState":{"showFog":false,"showMaterialUpdate":false,"showSkybox":false,"showFlares":false,"showImageEffects":false,"showParticleSystems":false},"in2DMode":false,"pivot":{"x":2.1649322509765627,"y":0.7580623626708984,"z":-3.8441002368927},"rotation":{"x":-0.1332843154668808,"y":-0.6930567026138306,"z":0.13286371529102326,"w":-0.6960052847862244},"size":8.467293739318848,"orthographic":false}