{"cameraMode":{"drawMode":0,"name":"Shaded","section":"Shading Mode"},"sceneLighting":true,"audioPlay":false,"sceneViewState":{"showFog":false,"showMaterialUpdate":false,"showSkybox":false,"showFlares":false,"showImageEffects":false,"showParticleSystems":false},"in2DMode":false,"pivot":{"x":-2.082777976989746,"y":4.778385162353516,"z":-2.3545925617218019},"rotation":{"x":-0.14348457753658296,"y":-0.6719552874565125,"z":0.13501521944999696,"w":-0.7139644622802734},"size":2.806852340698242,"orthographic":false}