{"cameraMode":{"drawMode":4,"name":"Render Paths","section":"Miscellaneous"},"sceneLighting":true,"audioPlay":false,"sceneViewState":{"showFog":false,"showMaterialUpdate":false,"showSkybox":false,"showFlares":false,"showImageEffects":false,"showParticleSystems":false},"in2DMode":false,"pivot":{"x":-21.145540237426759,"y":0.17595922946929933,"z":12.230096817016602},"rotation":{"x":0.013889431953430176,"y":0.986107349395752,"z":-0.1222148910164833,"w":0.11201713234186173},"size":2.318352222442627,"orthographic":false}