{"cameraMode":{"drawMode":0,"name":"Shaded","section":"Shading Mode"},"sceneLighting":true,"audioPlay":false,"sceneViewState":{"showFog":false,"showMaterialUpdate":false,"showSkybox":false,"showFlares":false,"showImageEffects":false,"showParticleSystems":false},"in2DMode":false,"pivot":{"x":-2.9621047973632814,"y":0.42504048347473147,"z":-4.292886257171631},"rotation":{"x":-0.07137898355722428,"y":-0.9123111367225647,"z":0.18047472834587098,"w":-0.36070477962493899},"size":3.717418909072876,"orthographic":false}